[
  {
    "id": "25c7505d-3ffe-4032-87aa-2f635a047660",
    "data": [
      {
        "text": "Hey!",
        "userDefined": false
      }
    ],
    "isTemplate": false,
    "count": 0,
    "updated": 1523457978
  },
  {
    "id": "7121e32d-958b-415d-8a0a-3384829bc70d",
    "data": [
      {
        "text": "Hello!",
        "userDefined": false
      }
    ],
    "isTemplate": false,
    "count": 0,
    "updated": 1523454777
  },
  {
    "id": "f7857797-de91-4f30-a75d-42f57934502d",
    "data": [
      {
        "text": "Good morning!",
        "userDefined": false
      }
    ],
    "isTemplate": false,
    "count": 0,
    "updated": 1523457978
  }
]