[
  {
    "id": "fc57f6bc-f9d0-4310-8adf-b1132f0eefef",
    "data": [
      {
        "text": "turn ",
        "userDefined": false
      },
      {
        "text": "on",
        "meta": "@sys.ignore",
        "userDefined": false
      },
      {
        "text": " lock screen",
        "userDefined": false
      }
    ],
    "isTemplate": false,
    "count": 0,
    "updated": 0
  },
  {
    "id": "04ea6676-f879-41fa-bf16-4984eccf3268",
    "data": [
      {
        "text": "set screen lock",
        "userDefined": false
      }
    ],
    "isTemplate": false,
    "count": 0,
    "updated": 0
  },
  {
    "id": "fb65b99c-bc65-4a4a-b3d5-4352b5c5b232",
    "data": [
      {
        "text": "take me to my lock screen",
        "userDefined": false
      }
    ],
    "isTemplate": false,
    "count": 0,
    "updated": 0
  },
  {
    "id": "a826d5c6-a8e5-42ed-a281-7051a6ec09bc",
    "data": [
      {
        "text": "screen lock",
        "userDefined": false
      }
    ],
    "isTemplate": false,
    "count": 0,
    "updated": 0
  },
  {
    "id": "3128014d-3ccd-4147-9c7a-ac0986205b2e",
    "data": [
      {
        "text": " lock the screen",
        "userDefined": false
      }
    ],
    "isTemplate": false,
    "count": 0,
    "updated": 0
  },
  {
    "id": "ab47c65f-f116-4497-b2b9-69d8c146f024",
    "data": [
      {
        "text": "open the screen lock",
        "userDefined": false
      }
    ],
    "isTemplate": false,
    "count": 0,
    "updated": 0
  },
  {
    "id": "adb1ee08-fe36-41fd-92c9-13b44c3aeaef",
    "data": [
      {
        "text": "activate lock screen",
        "userDefined": false
      }
    ],
    "isTemplate": false,
    "count": 0,
    "updated": 0
  },
  {
    "id": "8c78f704-f919-48e5-9a5b-fe35cd674f24",
    "data": [
      {
        "text": "lock the home screen",
        "userDefined": false
      }
    ],
    "isTemplate": false,
    "count": 0,
    "updated": 0
  },
  {
    "id": "389f3ca8-1f8a-467e-9803-67056ee6dd7c",
    "data": [
      {
        "text": "can you lock my phone",
        "userDefined": false
      }
    ],
    "isTemplate": false,
    "count": 0,
    "updated": 0
  }
]