[
  {
    "id": "86c1a32d-5339-4b3d-a872-75dce5d67a47",
    "data": [
      {
        "text": "now",
        "meta": "@sys.ignore",
        "userDefined": false
      },
      {
        "text": " ",
        "userDefined": false
      },
      {
        "text": "silent mode",
        "alias": "module",
        "meta": "@device-module",
        "userDefined": true
      }
    ],
    "isTemplate": false,
    "count": 0,
    "updated": 0
  },
  {
    "id": "d6d0e971-ca1a-4c18-8b1b-5591d3de2609",
    "data": [
      {
        "text": "flight mode",
        "alias": "module",
        "meta": "@device-module",
        "userDefined": false
      },
      {
        "text": " ",
        "userDefined": false
      },
      {
        "text": "now",
        "meta": "@sys.ignore",
        "userDefined": false
      }
    ],
    "isTemplate": false,
    "count": 0,
    "updated": 0
  },
  {
    "id": "f66069a8-7fd2-426a-83f7-cdeea1b58da3",
    "data": [
      {
        "text": "mobile data",
        "alias": "module",
        "meta": "@device-module",
        "userDefined": true
      },
      {
        "text": " as ",
        "userDefined": false
      },
      {
        "text": "well",
        "meta": "@sys.ignore",
        "userDefined": false
      }
    ],
    "isTemplate": false,
    "count": 0,
    "updated": 0
  },
  {
    "id": "3f52fc64-6295-43a3-9a31-50465c3b9a0d",
    "data": [
      {
        "text": "also ",
        "userDefined": false
      },
      {
        "text": "WiFi",
        "alias": "module",
        "meta": "@device-module",
        "userDefined": false
      }
    ],
    "isTemplate": false,
    "count": 0,
    "updated": 0
  },
  {
    "id": "48153701-2e6c-407b-92d4-cae4f30ec774",
    "data": [
      {
        "text": "Bluetooth",
        "alias": "module",
        "meta": "@device-module",
        "userDefined": false
      },
      {
        "text": " also",
        "userDefined": false
      }
    ],
    "isTemplate": false,
    "count": 0,
    "updated": 0
  },
  {
    "id": "90c07c96-f4d6-4715-9281-59de2901b977",
    "data": [
      {
        "text": "power saving mode",
        "alias": "module",
        "meta": "@device-module",
        "userDefined": false
      },
      {
        "text": " too",
        "userDefined": false
      }
    ],
    "isTemplate": false,
    "count": 0,
    "updated": 0
  },
  {
    "id": "7389acfe-b237-4d7e-abae-756980aca4d6",
    "data": [
      {
        "text": "GPS",
        "alias": "module",
        "meta": "@device-module",
        "userDefined": true
      },
      {
        "text": " as ",
        "userDefined": false
      },
      {
        "text": "well",
        "meta": "@sys.ignore",
        "userDefined": false
      }
    ],
    "isTemplate": false,
    "count": 0,
    "updated": 0
  }
]