[
  {
    "id": "cc6e48b9-f442-4808-9baa-6fb02f83dbc6",
    "data": [
      {
        "text": "enable",
        "meta": "@sys.ignore",
        "userDefined": false
      },
      {
        "text": " ",
        "userDefined": false
      },
      {
        "text": "mobile data",
        "alias": "module",
        "meta": "@device-module",
        "userDefined": true
      }
    ],
    "isTemplate": false,
    "count": 0,
    "updated": 0
  },
  {
    "id": "cadc422f-03a0-4208-89f3-820601e3813a",
    "data": [
      {
        "text": "from now on ",
        "userDefined": false
      },
      {
        "text": "GPS",
        "alias": "module",
        "meta": "@device-module",
        "userDefined": true
      },
      {
        "text": " on",
        "userDefined": false
      }
    ],
    "isTemplate": false,
    "count": 0,
    "updated": 0
  },
  {
    "id": "1f680d40-c636-4a87-9296-07d27fb0c1d3",
    "data": [
      {
        "text": "turn up the ",
        "userDefined": false
      },
      {
        "text": "volume",
        "alias": "module",
        "meta": "@device-module",
        "userDefined": true
      }
    ],
    "isTemplate": false,
    "count": 0,
    "updated": 0
  },
  {
    "id": "ab5386d0-119e-4535-b987-1a648c4c6367",
    "data": [
      {
        "text": "GPS",
        "alias": "module",
        "meta": "@device-module",
        "userDefined": true
      },
      {
        "text": " on now",
        "userDefined": false
      }
    ],
    "isTemplate": false,
    "count": 0,
    "updated": 0
  },
  {
    "id": "4fbc8643-3ff0-453a-837a-4ea8621f8213",
    "data": [
      {
        "text": "switch ",
        "userDefined": false
      },
      {
        "text": "airplane mode",
        "alias": "module",
        "meta": "@device-module",
        "userDefined": false
      },
      {
        "text": " ",
        "userDefined": false
      },
      {
        "text": "on",
        "meta": "@sys.ignore",
        "userDefined": false
      }
    ],
    "isTemplate": false,
    "count": 0,
    "updated": 0
  },
  {
    "id": "dd77312d-d3bb-4d22-8593-44981029d381",
    "data": [
      {
        "text": "activate ",
        "userDefined": false
      },
      {
        "text": "airplane mode",
        "alias": "module",
        "meta": "@device-module",
        "userDefined": false
      }
    ],
    "isTemplate": false,
    "count": 0,
    "updated": 0
  },
  {
    "id": "cb423bbb-2a3e-4fe9-a8cd-d7fb6466c82f",
    "data": [
      {
        "text": "turn ",
        "userDefined": false
      },
      {
        "text": "GPS",
        "alias": "module",
        "meta": "@device-module",
        "userDefined": true
      },
      {
        "text": " ",
        "userDefined": false
      },
      {
        "text": "on",
        "meta": "@sys.ignore",
        "userDefined": false
      }
    ],
    "isTemplate": false,
    "count": 0,
    "updated": 0
  },
  {
    "id": "d919a6a7-38ab-4eae-89f3-071f8a3d75ac",
    "data": [
      {
        "text": "put my phone ",
        "userDefined": false
      },
      {
        "text": "on",
        "meta": "@sys.ignore",
        "userDefined": false
      },
      {
        "text": " ",
        "userDefined": false
      },
      {
        "text": "silent",
        "alias": "module",
        "meta": "@device-module",
        "userDefined": false
      }
    ],
    "isTemplate": false,
    "count": 0,
    "updated": 0
  },
  {
    "id": "d9e14b0e-42b5-4443-a442-a855412e973c",
    "data": [
      {
        "text": "connect ",
        "userDefined": false
      },
      {
        "text": "Wi-Fi",
        "alias": "module",
        "meta": "@device-module",
        "userDefined": false
      }
    ],
    "isTemplate": false,
    "count": 0,
    "updated": 0
  },
  {
    "id": "2b3539b5-a513-4032-a9a0-f1fae8d54d04",
    "data": [
      {
        "text": "vibration",
        "alias": "module",
        "meta": "@device-module",
        "userDefined": false
      },
      {
        "text": " ",
        "userDefined": false
      },
      {
        "text": "on",
        "meta": "@sys.ignore",
        "userDefined": false
      }
    ],
    "isTemplate": false,
    "count": 0,
    "updated": 0
  },
  {
    "id": "b1d6dc78-98f1-43db-b4d5-e4fb2d2cf975",
    "data": [
      {
        "text": "bring ",
        "userDefined": false
      },
      {
        "text": "on",
        "meta": "@sys.ignore",
        "userDefined": false
      },
      {
        "text": " the ",
        "userDefined": false
      },
      {
        "text": "Bluetooth",
        "alias": "module",
        "meta": "@device-module",
        "userDefined": false
      }
    ],
    "isTemplate": false,
    "count": 0,
    "updated": 0
  }
]