[
  {
    "id": "8b53093f-bed6-444c-9dc0-185e2eef86d1",
    "data": [
      {
        "text": "check ",
        "userDefined": false
      },
      {
        "text": "Wi-Fi",
        "alias": "module",
        "meta": "@device-module",
        "userDefined": false
      },
      {
        "text": " connection",
        "userDefined": false
      }
    ],
    "isTemplate": false,
    "count": 0,
    "updated": 0
  },
  {
    "id": "010963bf-0a77-43b5-9c51-4b48455dabc5",
    "data": [
      {
        "text": "is my ",
        "userDefined": false
      },
      {
        "text": "GPS",
        "alias": "module",
        "meta": "@device-module",
        "userDefined": true
      },
      {
        "text": " ",
        "userDefined": false
      },
      {
        "text": "on",
        "alias": "action",
        "meta": "@device-action",
        "userDefined": true
      }
    ],
    "isTemplate": false,
    "count": 1,
    "updated": 0
  },
  {
    "id": "20b003d7-0b18-47db-aec3-856e130539d9",
    "data": [
      {
        "text": "is my ",
        "userDefined": false
      },
      {
        "text": "GPS",
        "alias": "module",
        "meta": "@device-module",
        "userDefined": false
      },
      {
        "text": " ",
        "userDefined": false
      },
      {
        "text": "working",
        "alias": "action",
        "meta": "@device-action",
        "userDefined": true
      }
    ],
    "isTemplate": false,
    "count": 0,
    "updated": 0
  },
  {
    "id": "d6836f71-3b6c-44c5-9241-11d92e295969",
    "data": [
      {
        "text": "is my phone in ",
        "userDefined": false
      },
      {
        "text": "silent mode",
        "alias": "module",
        "meta": "@device-module",
        "userDefined": false
      }
    ],
    "isTemplate": false,
    "count": 0,
    "updated": 0
  },
  {
    "id": "9ddf69f7-ecc5-4406-9b9f-95b6c8f7e5b0",
    "data": [
      {
        "text": "is my ",
        "userDefined": false
      },
      {
        "text": "mobile",
        "alias": "module",
        "meta": "@device-module",
        "userDefined": false
      },
      {
        "text": " data ",
        "userDefined": false
      },
      {
        "text": "enabled",
        "alias": "action",
        "meta": "@device-action",
        "userDefined": true
      }
    ],
    "isTemplate": false,
    "count": 0,
    "updated": 0
  },
  {
    "id": "48e907d5-2a8d-473d-8082-f9046ac9c2ad",
    "data": [
      {
        "text": "tell me if the ",
        "userDefined": false
      },
      {
        "text": "flight mode",
        "alias": "module",
        "meta": "@device-module",
        "userDefined": false
      },
      {
        "text": " is ",
        "userDefined": false
      },
      {
        "text": "on",
        "alias": "action",
        "meta": "@device-action",
        "userDefined": true
      }
    ],
    "isTemplate": false,
    "count": 0,
    "updated": 0
  },
  {
    "id": "3aded869-9fa9-41ee-912a-e890d5a4c9ac",
    "data": [
      {
        "text": "is ",
        "userDefined": false
      },
      {
        "text": "GPS",
        "alias": "module",
        "meta": "@device-module",
        "userDefined": true
      },
      {
        "text": " ",
        "userDefined": false
      },
      {
        "text": "off",
        "alias": "action",
        "meta": "@device-action",
        "userDefined": true
      }
    ],
    "isTemplate": false,
    "count": 0,
    "updated": 0
  },
  {
    "id": "1508b63b-947e-422c-b919-e31f4adcce5d",
    "data": [
      {
        "text": "check if ",
        "userDefined": false
      },
      {
        "text": "Bluetooth",
        "alias": "module",
        "meta": "@device-module",
        "userDefined": false
      },
      {
        "text": " is ",
        "userDefined": false
      },
      {
        "text": "switched on",
        "alias": "action",
        "meta": "@device-action",
        "userDefined": true
      }
    ],
    "isTemplate": false,
    "count": 0,
    "updated": 0
  },
  {
    "id": "a0cf1e1a-1c34-4065-9be1-1111897379b7",
    "data": [
      {
        "text": "is my ",
        "userDefined": false
      },
      {
        "text": "Bluetooth",
        "alias": "module",
        "meta": "@device-module",
        "userDefined": false
      },
      {
        "text": " ",
        "userDefined": false
      },
      {
        "text": "activated",
        "alias": "action",
        "meta": "@device-action",
        "userDefined": true
      }
    ],
    "isTemplate": false,
    "count": 0,
    "updated": 0
  }
]