[
  {
    "id": "6cba93ce-07dc-4bc3-b067-680d237e6ece",
    "data": [
      {
        "text": "turn off screen lock",
        "userDefined": false
      }
    ],
    "isTemplate": false,
    "count": 0,
    "updated": 0
  },
  {
    "id": "18d38c06-3534-43ec-aaa0-75c4d76f7529",
    "data": [
      {
        "text": "unlock the phone",
        "userDefined": false
      }
    ],
    "isTemplate": false,
    "count": 0,
    "updated": 0
  },
  {
    "id": "94a00bcc-6bbb-46e4-a569-b8a0d622472e",
    "data": [
      {
        "text": "disable lock screen",
        "userDefined": false
      }
    ],
    "isTemplate": false,
    "count": 0,
    "updated": 0
  },
  {
    "id": "3d5a54a9-5199-4ea9-bc10-7f4bda4df5e5",
    "data": [
      {
        "text": "unlock the screen",
        "userDefined": false
      }
    ],
    "isTemplate": false,
    "count": 0,
    "updated": 0
  },
  {
    "id": "0eea4063-4444-4a65-acd4-86d277c17ddb",
    "data": [
      {
        "text": "unlock lock screen",
        "userDefined": false
      }
    ],
    "isTemplate": false,
    "count": 0,
    "updated": 0
  },
  {
    "id": "5c5550c9-14de-42c0-aed4-73862360dcd8",
    "data": [
      {
        "text": "disable screen lock",
        "userDefined": false
      }
    ],
    "isTemplate": false,
    "count": 0,
    "updated": 0
  },
  {
    "id": "5ecf3de8-4d98-4ba7-b100-1f03b6d70c04",
    "data": [
      {
        "text": "can you unlock the screen",
        "userDefined": false
      }
    ],
    "isTemplate": false,
    "count": 0,
    "updated": 0
  },
  {
    "id": "ed9c8e4e-80bd-4493-bb10-94180d33253c",
    "data": [
      {
        "text": "unlock the home screen",
        "userDefined": false
      }
    ],
    "isTemplate": false,
    "count": 0,
    "updated": 0
  },
  {
    "id": "257183ad-d3f4-45cf-b001-38112c66e951",
    "data": [
      {
        "text": "unlock my screen",
        "userDefined": false
      }
    ],
    "isTemplate": false,
    "count": 0,
    "updated": 0
  },
  {
    "id": "31b3c43c-1066-49d1-9af2-7619477297c0",
    "data": [
      {
        "text": "screen unlock",
        "userDefined": false
      }
    ],
    "isTemplate": false,
    "count": 0,
    "updated": 0
  }
]