[
  {
    "id": "2ace429d-2c64-43db-b068-7ea47847317e",
    "data": [
      {
        "text": "i like more",
        "userDefined": false
      }
    ],
    "isTemplate": false,
    "count": 0,
    "updated": 1526350092
  },
  {
    "id": "3260d68e-3ebd-43a3-82f1-dbf26ab08532",
    "data": [
      {
        "text": "he needs another",
        "userDefined": false
      }
    ],
    "isTemplate": false,
    "count": 0,
    "updated": 1526350092
  },
  {
    "id": "15981032-4eab-4a8a-ab40-bfa4bd920a34",
    "data": [
      {
        "text": "I want more",
        "userDefined": false
      }
    ],
    "isTemplate": false,
    "count": 0,
    "updated": 1526350092
  }
]