[
  {
    "id": "f4c7f0a3-2c89-486e-b82f-01ad7a582b26",
    "data": [
      {
        "text": "I want to ",
        "userDefined": false
      },
      {
        "text": "order",
        "meta": "@sys.ignore",
        "userDefined": true
      }
    ],
    "isTemplate": false,
    "count": 0,
    "updated": 1523458511
  },
  {
    "id": "e2b34376-5254-4b5c-a21e-5498fcdf4f13",
    "data": [
      {
        "text": "I am hungry",
        "userDefined": false
      }
    ],
    "isTemplate": false,
    "count": 0,
    "updated": 1523458511
  },
  {
    "id": "dc0eb297-cc62-418e-a6ba-e4baf232b437",
    "data": [
      {
        "text": "I want a ",
        "userDefined": false
      },
      {
        "text": "pizza",
        "alias": "items",
        "meta": "@items",
        "userDefined": true
      }
    ],
    "isTemplate": false,
    "count": 0,
    "updated": 1523458511
  },
  {
    "id": "2c23fed3-89b6-425a-8176-22dfa39b5d26",
    "data": [
      {
        "text": "I would like a ",
        "userDefined": false
      },
      {
        "text": "hamburger",
        "alias": "items",
        "meta": "@items",
        "userDefined": true
      }
    ],
    "isTemplate": false,
    "count": 0,
    "updated": 1523458511
  },
  {
    "id": "1ecea53e-9aa5-4100-8ef6-11cc4771a155",
    "data": [
      {
        "text": "I need to eat something",
        "userDefined": false
      }
    ],
    "isTemplate": false,
    "count": 0,
    "updated": 1523458511
  }
]