[
  {
    "id": "2e9eafe0-451e-4f0c-99f8-e68e75c9d156",
    "data": [
      {
        "text": "and ",
        "userDefined": false
      },
      {
        "text": "today",
        "alias": "date",
        "meta": "@sys.date",
        "userDefined": true
      },
      {
        "text": "?",
        "userDefined": false
      }
    ],
    "isTemplate": false,
    "count": 0,
    "updated": 1523944943
  },
  {
    "id": "647775e3-e85d-4fef-97ba-5cd1a62ee00d",
    "data": [
      {
        "text": "What about ",
        "userDefined": false
      },
      {
        "text": "tomorrow",
        "alias": "date",
        "meta": "@sys.date",
        "userDefined": false
      }
    ],
    "isTemplate": false,
    "count": 0,
    "updated": 1523944943
  }
]