[
  {
    "id": "db472530-7816-4c14-bd37-69c73f05f974",
    "data": [
      {
        "text": "Weather for ",
        "userDefined": false
      },
      {
        "text": "tomorrow",
        "alias": "date",
        "meta": "@sys.date",
        "userDefined": false
      }
    ],
    "isTemplate": false,
    "count": 0,
    "updated": 1523944264
  },
  {
    "id": "e43bee6e-2788-430b-bbcf-6349fc6a9dfe",
    "data": [
      {
        "text": "What is the weather supposed to be",
        "userDefined": false
      }
    ],
    "isTemplate": false,
    "count": 0,
    "updated": 1523944264
  },
  {
    "id": "1758cded-9215-4e66-b975-054640d5d7c5",
    "data": [
      {
        "text": "Weather forecast",
        "userDefined": false
      }
    ],
    "isTemplate": false,
    "count": 0,
    "updated": 1523944264
  },
  {
    "id": "06b75235-de32-48f9-bf69-8592ee8ae06d",
    "data": [
      {
        "text": "What is the weather like",
        "userDefined": false
      }
    ],
    "isTemplate": false,
    "count": 0,
    "updated": 1523944264
  },
  {
    "id": "3f8aea09-8f22-4666-94e7-35b880d2e49b",
    "data": [
      {
        "text": "What is the weather ",
        "userDefined": false
      },
      {
        "text": "today",
        "alias": "date",
        "meta": "@sys.date",
        "userDefined": false
      }
    ],
    "isTemplate": false,
    "count": 0,
    "updated": 1523944264
  },
  {
    "id": "de96a2a9-2dc5-454d-9095-f5dd45152b36",
    "data": [
      {
        "text": "Weather forecast in ",
        "userDefined": false
      },
      {
        "text": "Cartago",
        "alias": "geo-city",
        "meta": "@sys.geo-city",
        "userDefined": false
      },
      {
        "text": " ",
        "userDefined": false
      },
      {
        "text": "today",
        "alias": "date",
        "meta": "@sys.date",
        "userDefined": false
      }
    ],
    "isTemplate": false,
    "count": 0,
    "updated": 1523944264
  },
  {
    "id": "6b6a1215-f93e-4eb8-83c5-b3ef19580306",
    "data": [
      {
        "text": "Weather forecast in ",
        "userDefined": false
      },
      {
        "text": "San Francisco",
        "alias": "geo-city",
        "meta": "@sys.geo-city",
        "userDefined": false
      },
      {
        "text": " ",
        "userDefined": false
      },
      {
        "text": "tomorrow",
        "alias": "date",
        "meta": "@sys.date",
        "userDefined": false
      }
    ],
    "isTemplate": false,
    "count": 0,
    "updated": 1523944264
  }
]