[
  {
    "id": "ed666e0d-6344-4e1e-9084-ddab6f19e086",
    "data": [
      {
        "text": "what do you have to eat?",
        "userDefined": false
      }
    ],
    "isTemplate": false,
    "count": 0,
    "updated": 1523464527
  },
  {
    "id": "76515127-e7c1-4147-be7a-9122086cfadc",
    "data": [
      {
        "text": "What kind of food do you have?",
        "userDefined": false
      }
    ],
    "isTemplate": false,
    "count": 0,
    "updated": 1523464527
  },
  {
    "id": "b7169c0b-5bbe-4e71-a97b-209530484b5b",
    "data": [
      {
        "text": "Which items?",
        "userDefined": false
      }
    ],
    "isTemplate": false,
    "count": 0,
    "updated": 1523464527
  },
  {
    "id": "9c506fc2-91c2-483c-aaae-08167bbff6c0",
    "data": [
      {
        "text": "What ",
        "userDefined": false
      },
      {
        "text": "products",
        "meta": "@sys.ignore",
        "userDefined": true
      },
      {
        "text": " do you have?",
        "userDefined": false
      }
    ],
    "isTemplate": false,
    "count": 0,
    "updated": 1523464527
  }
]