[
  {
    "value": "3G",
    "synonyms": [
      "3G"
    ]
  },
  {
    "value": "VoiceOver",
    "synonyms": [
      "VoiceOver",
      "Voice Over"
    ]
  },
  {
    "value": "gps",
    "synonyms": [
      "gps",
      "location services"
    ]
  },
  {
    "value": "silent mode",
    "synonyms": [
      "silent"
    ]
  },
  {
    "value": "do not disturb",
    "synonyms": [
      "do not disturb"
    ]
  },
  {
    "value": "volume",
    "synonyms": [
      "volume"
    ]
  },
  {
    "value": "flightmode",
    "synonyms": [
      "flightmode",
      "airplane mode",
      "flight mode"
    ]
  },
  {
    "value": "power saving",
    "synonyms": [
      "power saving",
      "low power mode"
    ]
  },
  {
    "value": "vibration",
    "synonyms": [
      "vibration"
    ]
  },
  {
    "value": "bluetooth",
    "synonyms": [
      "bluetooth"
    ]
  },
  {
    "value": "wifi",
    "synonyms": [
      "wifi",
      "Wi-Fi",
      "wi fi"
    ]
  },
  {
    "value": "Hands-free mode",
    "synonyms": [
      "Hands-free mode"
    ]
  },
  {
    "value": "LTE",
    "synonyms": [
      "LTE"
    ]
  },
  {
    "value": "4g",
    "synonyms": [
      "4g"
    ]
  },
  {
    "value": "NFC",
    "synonyms": [
      "NFC"
    ]
  },
  {
    "value": "mobile",
    "synonyms": [
      "mobile"
    ]
  },
  {
    "value": "reading mode",
    "synonyms": [
      "reading mode"
    ]
  },
  {
    "value": "WLAN",
    "synonyms": [
      "WLAN"
    ]
  },
  {
    "value": "Night Mode",
    "synonyms": [
      "Night Mode"
    ]
  }
]